Sector,News,Fluctuation
Banking,"Major Bank Reports Robust Earnings for Q4, Beats Analyst Expectations",0.815
Banking,Cybersecurity Concerns Rise as Banks Enhance Digital Infrastructure,-0.125
Banking,Merger and Acquisition Activity Surges in the Banking Industry,0.197
Banking,Innovation in Payment Systems: Contactless and Mobile Payments on the Rise,0.543
Banking,Rising Inflation Rates Pose Challenges for Central Banks Globally,-0.415
Banking,"Government Initiatives Drive Financial Inclusion, Impacting Banking Sector",0.453
Banking,"Global Economic Slowdown Affects Banking Profits, Prompts Strategic Adjustments",-0.427
Banking,Banks Explore AI and Machine Learning to Enhance Customer Services,0.534
Banking,Economic Downturn Forces Layoffs and Restructuring in Banking Industry,-0.492
Banking,"Rising Interest Rates Lead to Higher Defaults on Loans, Straining Bank Balance Sheets",-0.519
Banking,Analysts Express Concerns Over Overvaluation of Banking Stocks,-0.677
Banking,"Government Recognizes Banking Sector's Role in Economic Recovery, Offers Support",0.561
Telecommunication,"5G Rollout Reaches Milestone, Promising Faster and More Reliable Connectivity",0.857
Telecommunication,Telecom Giants Invest Billions in Infrastructure Upgrades for Improved Network Performance,0.539
Telecommunication,Telecom Innovations Transforming Remote Work Experience for Millions,0.642
Telecommunication,Breakthroughs in Satellite Technology Enhance Global Communication Networks,0.71
Telecommunication,Partnerships Fostered for High-Speed Internet Access in Underserved Areas,0.458
Telecommunication,Record-breaking Subscription Numbers as Telecommunication Services Thrive,0.71
Telecommunication,"Telecom Outages Disrupt Services Nationwide, Prompting Customer Outcry",-0.829
Telecommunication,Cybersecurity Breach Exposes Sensitive Customer Data Across Telecom Networks,-0.705
Telecommunication,Network Overload: Complaints Rise as Telecom Infrastructure Struggles to Handle Demand,-0.559
Telecommunication,"Telecom Layoffs Surge Amidst Economic Challenges, Impacting Workforce",-0.314
Telecommunication,Customer Complaints Rise Over Hidden Fees and Unfair Billing Practices in Telecom Industry,-0.816
Telecommunication,Escalating Spectrum Auction Costs Put Financial Strain on Telecom Operators,-0.327
Natural Gas and Petroleum,Efficiency Gains: Oil and Gas Industry Adopts Smart Technologies for Operations,0.558
Natural Gas and Petroleum,Renewable Energy Investments Drive Positive Trends in the Oil and Gas Industry,0.669
Natural Gas and Petroleum,Natural Gas Export Boom Boosts Revenue for Energy Exporting Nations,0.639
Natural Gas and Petroleum,Government Incentives Drive Innovation in Oil and Gas Infrastructure Projects,0.389
Natural Gas and Petroleum,New Oil Discoveries Propel Growth Prospects in Key Exploration Regions,0.125
Natural Gas and Petroleum,Positive Regulatory Changes Promote Stability in Oil and Gas Markets,0.563
Natural Gas and Petroleum,"Natural Gas Reserves Depleted Faster Than Anticipated, Posing Supply Challenges",-0.672
Natural Gas and Petroleum,Economic Slowdown Triggers Decline in Oil and Gas Demand,-0.65
Natural Gas and Petroleum,"Geopolitical Tensions Disrupt Oil Supply Chains, Leading to Uncertainty",-0.736
Natural Gas and Petroleum,Mounting Debt Concerns Cast Shadows Over Future Investments in Oil Projects,-0.516
Natural Gas and Petroleum,Investor Confidence Plummets as Oil and Gas Industry Faces Ongoing Challenges,-0.51
Natural Gas and Petroleum,Natural Gas Prices Volatile Amidst Regulatory Uncertainty and Oversupply Issues,-0.623
Steel,Steel Prices Surge Amidst Strong Economic Recovery and Construction Boom,0.553
Steel,Innovative Technologies Boost Efficiency and Sustainability in Steel Production,0.581
Steel,Demand Soars for High-Performance Steel in Renewable Energy Projects,0.406
Steel,Government Support and Infrastructural Investments Drive Steel Sector Resurgence,0.167
Steel,Inclusive Growth: Steel Companies Invest in Workforce Development Programs,0.567
Steel,Steel Innovations Drive Advancements in Electric Vehicle Manufacturing,0.58
Steel,Steel Industry Faces Downturn as Global Construction Projects Stall,-0.618
Steel,"Trade Disputes Disrupt Global Steel Supply Chains, Adding to Sector Woes",-0.864
Steel,Industry Layoffs Loom as Steel Companies Struggle with Financial Challenges,-0.704
Steel,Technological Setbacks: Steel Innovations Fail to Gain Traction in the Market,-0.692
Steel,"Steel Sector Hit Hard by Economic Recession, Resulting in Declining Orders",-0.83
Steel,Global Pandemic Impact: Steel Sector Grapples with Uncertain Recovery,-0.301
IT,"Cybersecurity Innovations Bolster Digital Defense, Protecting Businesses and Users",0.707
IT,"Tech Giants Collaborate to Bridge the Digital Divide, Expanding Access Globally",0.653
IT,"IT Industry Champions Diversity and Inclusion, Fostering Innovation and Creativity",0.754
IT,Breakthroughs in AI Research Pave the Way for Smarter and More Efficient Systems,0.829
IT,"Tech Industry Champions Cyber Education, Enhancing Digital Literacy Globally",0.66
IT,Artificial Intelligence in Healthcare Achieves Milestones in Disease Diagnosis,0.596
IT,Rising Cybersecurity Threats Pose Greater Risks to Businesses and Individuals,-0.727
IT,Tech Job Market Struggles Amid Economic Uncertainty and Layoffs,-0.686
IT,Data Privacy Concerns Grow as Tech Giants Face Increased Scrutiny,-0.657
IT,Tech Stocks Tumble Amid Fears of Overvaluation and Market Volatility,-0.82
IT,"AI Bias Issues Continue, Raising Ethical Questions About Autonomous Systems",-0.61
IT,Tech IPOs Face Skepticism as Investors Question Valuations and Profitability,-0.535
Investment Banking,"Sustainable Investing Gains Momentum, Aligning Finance with Environmental Goal",0.605
Investment Banking,Fintech Innovations Drive Financial Inclusion and Accessibility Globally,0.69
Investment Banking,"Investment in ESG Funds Surges, Reflecting Growing Interest in Sustainable Finance",0.783
Investment Banking,"Inclusive Financial Services Bridge Gaps, Enabling Economic Growth Worldwide",0.452
Investment Banking,Robust Regulatory Measures Ensure Stability and Trust in Financial Markets,0.165
Investment Banking,"Central Banks Implement Supportive Policies, Boosting Confidence in Financial Markets",0.609
Investment Banking,Surge in Cyberattacks Threatens Security of Financial Institutions,-0.771
Investment Banking,Increased Defaults on Loans Create Headwinds for Lending Institutions,-0.458
Investment Banking,"Trade Tensions Disrupt Global Markets, Impacting Financial Investments",-0.752
Investment Banking,Emerging Market Uncertainties Lead to Capital Flight and Currency Depreciation,-0.565
Investment Banking,Financial Institutions Struggle With Increased Regulatory Compliance Costs,-0.66
Investment Banking,Digital Payment Security Breaches Shake Consumer Trust in Financial Technology,-0.399
Automobile Manufacturing,Electric Vehicle Sales Surge as Consumers Embrace Green Mobility Solutions.,0.698
Automobile Manufacturing,Automakers Forge Partnerships to Accelerate Autonomous Vehicle Development.,0.499
Automobile Manufacturing,"Resilient Auto Sector Overcomes Supply Chain Challenges, Records Robust Growth.",0.726
Automobile Manufacturing,Strategic Alliances Formed to Enhance Connectivity in Next-Gen Vehicles.,0.501
Automobile Manufacturing,Global Automakers Lead the Charge in Reducing Carbon Footprint with Eco-Friendly Models.,0.622
Automobile Manufacturing,Record-Breaking Sales for Affordable Electric Vehicles Propel Industry Forward.,0.71
Automobile Manufacturing,"Safety Recalls Hit Major Auto Brands, Raising Questions About Quality Standards.",-0.377
Automobile Manufacturing,"Environmental Concerns Surround Manufacturing Processes, Sparking Criticism.",-0.116
Automobile Manufacturing,Lawsuits Pile Up Against Auto Companies Over Alleged Defective Components.,-0.721
Automobile Manufacturing,Job Cuts and Restructuring: Auto Industry Faces Tough Decisions Amid Economic Uncertainty.,-0.359
Automobile Manufacturing,Rising Material Costs Squeeze Profit Margins for Leading Car Manufacturers.,-0.124
Automobile Manufacturing,"Economic Slowdown Reflects in Declining Auto Sales, Industry Faces Downturn.",-0.672
Power and Energy,Breakthrough in Energy Storage Technology Paves the Way for Reliable Renewable Power.,0.786
Power and Energy,Government Initiatives Drive Massive Investment in Smart Grids for Efficient Power Distribution.,0.513
Power and Energy,"Solar Power Prices Hit Record Lows, Making Renewable Energy More Accessible Than Ever.",0.586
Power and Energy,Public-Private Partnerships Foster Growth in Clean Energy Infrastructure.,0.697
Power and Energy,Power Sector Innovations: AI and IoT Integration Revolutionize Energy Efficiency.,0.552
Power and Energy,"Investments Soar in Green Hydrogen Production, Opening New Avenues for Clean Energy.",0.675
Power and Energy,"Massive Power Grid Failure Hits Major Cities, Raises Concerns Over Infrastructure Resilience.",-0.836
Power and Energy,"Cyberattack Paralyzes National Power Grid, Highlighting Cybersecurity Threats.",-0.859
Power and Energy,"Widespread Corruption Scandal Rocks Power Sector, Undermining Public Trust.",-0.936
Power and Energy,"Electricity Theft Surges, Putting Strain on Utilities and Affecting Service Reliability.",-0.708
Power and Energy,"Power Sector Faces Skilled Labor Shortage, Hindering Maintenance and Upkeep.",-0.292
Power and Energy,"Financial Crisis Hits Power Companies, Leading to Bankruptcies and Project Abandonment.",-0.85
Tyres Manufacturing Companies,Innovation in Sustainable Materials: Tire Companies Lead the Way in Eco-Friendly Manufacturing.,0.749
Tyres Manufacturing Companies,"Indian Tire Manufacturers Expanding Global Footprint, Achieving Record Exports.",0.534
Tyres Manufacturing Companies,Breakthrough in Tire Technology Enhances Fuel Efficiency and Reduces Carbon Emissions,0.618
Tyres Manufacturing Companies,"Tyre Companies Spearhead Skills Development Programs, Creating Jobs and Expertise.",0.416
Tyres Manufacturing Companies,Growing Adoption of Tubeless Tires Enhances Fuel Efficiency and Punctures Become a Thing of the Past.,0.519
Tyres Manufacturing Companies,Investments in Research Yield High-Performance Tires for Electric and Hybrid Vehicles,0.198
Tyres Manufacturing Companies,Quality Concerns Surface: Several Tyre Brands Recalled Amid Safety Investigations.,-0.369
Tyres Manufacturing Companies,Environmental Impact Under Scrutiny: Tyre Industry Faces Criticism for Pollution.,-0.462
Tyres Manufacturing Companies,Labor Strikes Disrupt Production at Major Tyre Manufacturing Plants.,-0.776
Tyres Manufacturing Companies,Labor Shortage Crisis Escalates: Tyre Manufacturers Struggle to Meet Production Targets.,-0.585
Tyres Manufacturing Companies,Economic Downturn Takes Toll: Major Tyre Companies Announce Layoffs and Cutbacks.,-0.409
Tyres Manufacturing Companies,Rising Tariffs and Trade Disputes Disrupt International Tyre Exports.,-0.85
Healthcare and Pharmacy,Pharmaceutical Companies Donate Lifesaving Medications to Low-Income Nations.,0.196
Healthcare and Pharmacy,Global Collaboration Leads to Unprecedented Progress in Vaccine Development.,0.57
Healthcare and Pharmacy,Innovative Telemedicine Platforms Expand Access to Healthcare Worldwide.,0.573
Healthcare and Pharmacy,Leading Pharma Giants Forge Strategic Alliance to Accelerate COVID-19 Vaccine Development.,0.249
Healthcare and Pharmacy,Major Merger Set to Transform Rare Disease Treatment Landscape.,0.135
Healthcare and Pharmacy,Pharmaceutical Heavyweights Merge to Drive Global Access to Life-Saving Medications.,0.331
Healthcare and Pharmacy,Major Pharma Company Faces Setbacks as Promising Drug Candidate Fails Clinical Trials.,-0.697
Healthcare and Pharmacy,Investigation Reveals Alleged Price Fixing Scandal Involving Multiple Pharmaceutical Firms.,-0.253
Healthcare and Pharmacy,Pharma Companies Under Investigation for Unethical Marketing Practices and Bribery Allegations.,-0.581
Healthcare and Pharmacy,Failed Merger Talks Lead to Uncertainty and Layoffs in Pharmaceutical Industry.,-0.791
Healthcare and Pharmacy,Generic Drug Scandal Unveiled: Allegations of Substandard Manufacturing Practices,-0.643
Healthcare and Pharmacy,"Drug Manufacturing Plant Shut Down Over Violations, Potential Impact on Supply Chain.",-0.79
