Sector/category,News
Banking,"Major Bank Reports Robust Earnings for Q4, Beats Analyst Expectations"
,Cybersecurity Concerns Rise as Banks Enhance Digital Infrastructure
,Merger and Acquisition Activity Surges in the Banking Industry
,Innovation in Payment Systems: Contactless and Mobile Payments on the Rise
,Rising Inflation Rates Pose Challenges for Central Banks Globally
,"Government Initiatives Drive Financial Inclusion, Impacting Banking Sector"
,"Global Economic Slowdown Affects Banking Profits, Prompts Strategic Adjustments"
,Banks Explore AI and Machine Learning to Enhance Customer Services
,Economic Downturn Forces Layoffs and Restructuring in Banking Industry
,"Rising Interest Rates Lead to Higher Defaults on Loans, Straining Bank Balance Sheets"
,Analysts Express Concerns Over Overvaluation of Banking Stocks
,"Government Recognizes Banking Sector's Role in Economic Recovery, Offers Support"
Telecommunication,"5G Rollout Reaches Milestone, Promising Faster and More Reliable Connectivity"
,Telecom Giants Invest Billions in Infrastructure Upgrades for Improved Network Performance
,Telecom Innovations Transforming Remote Work Experience for Millions
,Breakthroughs in Satellite Technology Enhance Global Communication Networks
,Partnerships Fostered for High-Speed Internet Access in Underserved Areas
,Record-breaking Subscription Numbers as Telecommunication Services Thrive
,"Telecom Outages Disrupt Services Nationwide, Prompting Customer Outcry"
,Cybersecurity Breach Exposes Sensitive Customer Data Across Telecom Networks
,Network Overload: Complaints Rise as Telecom Infrastructure Struggles to Handle Demand
,"Telecom Layoffs Surge Amidst Economic Challenges, Impacting Workforce"
,Customer Complaints Rise Over Hidden Fees and Unfair Billing Practices in Telecom Industry
,Escalating Spectrum Auction Costs Put Financial Strain on Telecom Operators
Oil and Natural Gas,Efficiency Gains: Oil and Gas Industry Adopts Smart Technologies for Operations
,Renewable Energy Investments Drive Positive Trends in the Oil and Gas Industry
,Natural Gas Export Boom Boosts Revenue for Energy Exporting Nations
,Government Incentives Drive Innovation in Oil and Gas Infrastructure Projects
,New Oil Discoveries Propel Growth Prospects in Key Exploration Regions
,Positive Regulatory Changes Promote Stability in Oil and Gas Markets
,"Natural Gas Reserves Depleted Faster Than Anticipated, Posing Supply Challenges"
,Economic Slowdown Triggers Decline in Oil and Gas Demand
,"Geopolitical Tensions Disrupt Oil Supply Chains, Leading to Uncertainty"
,Mounting Debt Concerns Cast Shadows Over Future Investments in Oil Projects
,Investor Confidence Plummets as Oil and Gas Industry Faces Ongoing Challenges
,Natural Gas Prices Volatile Amidst Regulatory Uncertainty and Oversupply Issues
Steel,Steel Prices Surge Amidst Strong Economic Recovery and Construction Boom
,Innovative Technologies Boost Efficiency and Sustainability in Steel Production
,Demand Soars for High-Performance Steel in Renewable Energy Projects
,Government Support and Infrastructural Investments Drive Steel Sector Resurgence
,Inclusive Growth: Steel Companies Invest in Workforce Development Programs
,Steel Innovations Drive Advancements in Electric Vehicle Manufacturing
,Steel Industry Faces Downturn as Global Construction Projects Stall
,"Trade Disputes Disrupt Global Steel Supply Chains, Adding to Sector Woes"
,Industry Layoffs Loom as Steel Companies Struggle with Financial Challenges
,Technological Setbacks: Steel Innovations Fail to Gain Traction in the Market
,"Steel Sector Hit Hard by Economic Recession, Resulting in Declining Orders"
,Global Pandemic Impact: Steel Sector Grapples with Uncertain Recovery
IT,"Cybersecurity Innovations Bolster Digital Defense, Protecting Businesses and Users"
,"Tech Giants Collaborate to Bridge the Digital Divide, Expanding Access Globally"
,"IT Industry Champions Diversity and Inclusion, Fostering Innovation and Creativity"
,Breakthroughs in AI Research Pave the Way for Smarter and More Efficient Systems
,"Tech Industry Champions Cyber Education, Enhancing Digital Literacy Globally"
,Artificial Intelligence in Healthcare Achieves Milestones in Disease Diagnosis
,Rising Cybersecurity Threats Pose Greater Risks to Businesses and Individuals
,Tech Job Market Struggles Amid Economic Uncertainty and Layoffs
,Data Privacy Concerns Grow as Tech Giants Face Increased Scrutiny
,Tech Stocks Tumble Amid Fears of Overvaluation and Market Volatility
,"AI Bias Issues Continue, Raising Ethical Questions About Autonomous Systems"
,Tech IPOs Face Skepticism as Investors Question Valuations and Profitability
Finance,"Sustainable Investing Gains Momentum, Aligning Finance with Environmental Goal"
,Fintech Innovations Drive Financial Inclusion and Accessibility Globally
,"Investment in ESG Funds Surges, Reflecting Growing Interest in Sustainable Finance"
,"Inclusive Financial Services Bridge Gaps, Enabling Economic Growth Worldwide"
,Robust Regulatory Measures Ensure Stability and Trust in Financial Markets
,"Central Banks Implement Supportive Policies, Boosting Confidence in Financial Markets"
,Surge in Cyberattacks Threatens Security of Financial Institutions
,Increased Defaults on Loans Create Headwinds for Lending Institutions
,"Trade Tensions Disrupt Global Markets, Impacting Financial Investments"
,Emerging Market Uncertainties Lead to Capital Flight and Currency Depreciation
,Financial Institutions Struggle With Increased Regulatory Compliance Costs
,Digital Payment Security Breaches Shake Consumer Trust in Financial Technology
Automobile Manufacturing,Electric Vehicle Sales Surge as Consumers Embrace Green Mobility Solutions.
,Automakers Forge Partnerships to Accelerate Autonomous Vehicle Development.
,"Resilient Auto Sector Overcomes Supply Chain Challenges, Records Robust Growth."
,Strategic Alliances Formed to Enhance Connectivity in Next-Gen Vehicles.
,Global Automakers Lead the Charge in Reducing Carbon Footprint with Eco-Friendly Models.
,Record-Breaking Sales for Affordable Electric Vehicles Propel Industry Forward.
,"Safety Recalls Hit Major Auto Brands, Raising Questions About Quality Standards."
,"Environmental Concerns Surround Manufacturing Processes, Sparking Criticism."
,Lawsuits Pile Up Against Auto Companies Over Alleged Defective Components.
,Job Cuts and Restructuring: Auto Industry Faces Tough Decisions Amid Economic Uncertainty.
,Rising Material Costs Squeeze Profit Margins for Leading Car Manufacturers.
,"Economic Slowdown Reflects in Declining Auto Sales, Industry Faces Downturn."
Power and Energy,Breakthrough in Energy Storage Technology Paves the Way for Reliable Renewable Power.
,Government Initiatives Drive Massive Investment in Smart Grids for Efficient Power Distribution.
,"Solar Power Prices Hit Record Lows, Making Renewable Energy More Accessible Than Ever."
,Public-Private Partnerships Foster Growth in Clean Energy Infrastructure.
,Power Sector Innovations: AI and IoT Integration Revolutionize Energy Efficiency.
,"Investments Soar in Green Hydrogen Production, Opening New Avenues for Clean Energy."
,"Massive Power Grid Failure Hits Major Cities, Raises Concerns Over Infrastructure Resilience."
,"Cyberattack Paralyzes National Power Grid, Highlighting Cybersecurity Threats."
,"Widespread Corruption Scandal Rocks Power Sector, Undermining Public Trust."
,"Electricity Theft Surges, Putting Strain on Utilities and Affecting Service Reliability."
,"Power Sector Faces Skilled Labor Shortage, Hindering Maintenance and Upkeep."
,"Financial Crisis Hits Power Companies, Leading to Bankruptcies and Project Abandonment."
Tire ,Innovation in Sustainable Materials: Tire Companies Lead the Way in Eco-Friendly Manufacturing.
,"Indian Tire Manufacturers Expanding Global Footprint, Achieving Record Exports."
,Breakthrough in Tire Technology Enhances Fuel Efficiency and Reduces Carbon Emissions
,"Tyre Companies Spearhead Skills Development Programs, Creating Jobs and Expertise."
,Growing Adoption of Tubeless Tires Enhances Fuel Efficiency and Punctures Become a Thing of the Past.
,Investments in Research Yield High-Performance Tires for Electric and Hybrid Vehicles
,Quality Concerns Surface: Several Tyre Brands Recalled Amid Safety Investigations.
,Environmental Impact Under Scrutiny: Tyre Industry Faces Criticism for Pollution.
,Labor Strikes Disrupt Production at Major Tyre Manufacturing Plants.
,Labor Shortage Crisis Escalates: Tyre Manufacturers Struggle to Meet Production Targets.
,Economic Downturn Takes Toll: Major Tyre Companies Announce Layoffs and Cutbacks.
,Rising Tariffs and Trade Disputes Disrupt International Tyre Exports.
Health/Pharma,Pharmaceutical Companies Donate Lifesaving Medications to Low-Income Nations.
,Global Collaboration Leads to Unprecedented Progress in Vaccine Development.
,Innovative Telemedicine Platforms Expand Access to Healthcare Worldwide.
,Leading Pharma Giants Forge Strategic Alliance to Accelerate COVID-19 Vaccine Development.
,Major Merger Set to Transform Rare Disease Treatment Landscape.
,Pharmaceutical Heavyweights Merge to Drive Global Access to Life-Saving Medications.
,Major Pharma Company Faces Setbacks as Promising Drug Candidate Fails Clinical Trials.
,Investigation Reveals Alleged Price Fixing Scandal Involving Multiple Pharmaceutical Firms.
,Pharma Companies Under Investigation for Unethical Marketing Practices and Bribery Allegations.
,Failed Merger Talks Lead to Uncertainty and Layoffs in Pharmaceutical Industry.
,Generic Drug Scandal Unveiled: Allegations of Substandard Manufacturing Practices
,"Drug Manufacturing Plant Shut Down Over Violations, Potential Impact on Supply Chain."
